label,mows,mean_min,median_min,min_min,max_min,total_hours,first,last,m_from_house,dir_from_house,all_visits,longest_stay_min,lat,lon,maps_link,all_dates
405 WALNUT ST — YOUR HOUSE,14,49.7,40.5,13.8,165.1,11.59,2026-08-16,2026-09-18,0,NE,55,2628,39.65996,-99.572947,"https://www.google.com/maps/search/?api=1&query=39.659960,-99.572947",2026-08-16; 2026-08-20; 2026-08-21; 2026-08-22; 2026-08-24; 2026-08-26; 2026-08-27; 2026-09-01; 2026-09-03; 2026-09-08; 2026-09-18
,1,8.9,8.9,8.9,8.9,0.15,2026-09-14,2026-09-14,999,NNE,3,9,39.668092,-99.56801,"https://www.google.com/maps/search/?api=1&query=39.668092,-99.568010",2026-09-14
,1,43.1,43.1,43.1,43.1,0.72,2026-07-01,2026-07-01,869,N,1,43,39.667702,-99.571643,"https://www.google.com/maps/search/?api=1&query=39.667702,-99.571643",2026-07-01
,7,64.8,59.6,30.2,122.9,7.56,2026-07-08,2026-09-08,657,NNE,7,123,39.665718,-99.571254,"https://www.google.com/maps/search/?api=1&query=39.665718,-99.571254",2026-07-08; 2026-07-18; 2026-07-31; 2026-08-08; 2026-08-21; 2026-09-03; 2026-09-08
,3,65.1,68.0,35.6,91.6,3.25,2026-07-13,2026-09-02,768,NNE,3,92,39.665748,-99.568067,"https://www.google.com/maps/search/?api=1&query=39.665748,-99.568067",2026-07-13; 2026-07-30; 2026-09-02
,3,85.3,79.5,52.2,124.0,4.26,2026-06-26,2026-07-27,622,NNE,3,124,39.665138,-99.570209,"https://www.google.com/maps/search/?api=1&query=39.665138,-99.570209",2026-06-26; 2026-07-23; 2026-07-27
,5,111.9,104.4,90.2,143.1,9.33,2026-07-10,2026-08-29,629,NNW,5,143,39.664976,-99.576334,"https://www.google.com/maps/search/?api=1&query=39.664976,-99.576334",2026-07-10; 2026-07-18; 2026-07-24; 2026-08-03; 2026-08-29
,1,52.0,52.0,52.0,52.0,0.87,2026-07-01,2026-07-01,542,NNE,1,52,39.6647,-99.571521,"https://www.google.com/maps/search/?api=1&query=39.664700,-99.571521",2026-07-01
,19,71.9,66.3,12.1,151.7,22.78,2026-07-06,2026-09-17,633,NE,19,152,39.664617,-99.568712,"https://www.google.com/maps/search/?api=1&query=39.664617,-99.568712",2026-07-06; 2026-07-16; 2026-07-17; 2026-07-18; 2026-07-30; 2026-08-01; 2026-08-06; 2026-08-08; 2026-08-13; 2026-08-17; 2026-08-20; 2026-08-24; 2026-08-27; 2026-09-03; 2026-09-10; 2026-09-14; 2026-09-15; 2026-09-17
,1,16.1,16.1,16.1,16.1,0.27,2026-07-06,2026-07-06,589,NW,1,16,39.663943,-99.577463,"https://www.google.com/maps/search/?api=1&query=39.663943,-99.577463",2026-07-06
,17,51.7,43.2,25.8,114.0,14.65,2026-07-06,2026-09-17,426,NNW,17,114,39.663679,-99.57411,"https://www.google.com/maps/search/?api=1&query=39.663679,-99.574110",2026-07-06; 2026-07-16; 2026-07-18; 2026-07-30; 2026-07-31; 2026-08-13; 2026-08-17; 2026-08-20; 2026-08-26; 2026-08-27; 2026-09-02; 2026-09-03; 2026-09-10; 2026-09-14; 2026-09-17
,5,53.1,51.4,17.9,92.5,4.43,2026-06-22,2026-09-17,629,NE,5,92,39.663727,-99.567477,"https://www.google.com/maps/search/?api=1&query=39.663727,-99.567477",2026-06-22; 2026-07-27; 2026-08-24; 2026-09-03; 2026-09-17
,3,40.8,38.1,30.2,54.0,2.04,2026-06-26,2026-07-09,387,NNW,3,54,39.663052,-99.575014,"https://www.google.com/maps/search/?api=1&query=39.663052,-99.575014",2026-06-26; 2026-07-02; 2026-07-09
,9,84.0,76.4,32.1,147.5,12.6,2026-06-22,2026-08-23,838,ENE,9,147,39.662987,-99.563992,"https://www.google.com/maps/search/?api=1&query=39.662987,-99.563992",2026-06-22; 2026-06-27; 2026-06-28; 2026-07-05; 2026-07-12; 2026-07-19; 2026-08-16; 2026-08-23
,1,42.6,42.6,42.6,42.6,0.71,2026-06-29,2026-06-29,299,NNW,1,43,39.662598,-99.573634,"https://www.google.com/maps/search/?api=1&query=39.662598,-99.573634",2026-06-29
,8,112.0,110.4,68.0,171.3,14.94,2026-06-26,2026-08-20,327,NNE,9,253,39.662453,-99.570931,"https://www.google.com/maps/search/?api=1&query=39.662453,-99.570931",2026-06-26; 2026-07-02; 2026-07-09; 2026-07-18; 2026-07-23; 2026-07-30; 2026-08-06; 2026-08-20
,21,43.6,21.2,8.2,138.8,15.27,2026-06-26,2026-09-15,506,NE,27,139,39.662542,-99.568082,"https://www.google.com/maps/search/?api=1&query=39.662542,-99.568082",2026-06-26; 2026-06-29; 2026-07-08; 2026-07-10; 2026-07-19; 2026-07-22; 2026-07-28; 2026-07-31; 2026-08-02; 2026-08-08; 2026-08-13; 2026-08-15; 2026-08-17; 2026-08-21; 2026-08-26; 2026-08-30; 2026-09-02; 2026-09-03; 2026-09-14; 2026-09-15
,6,50.9,46.3,34.1,70.5,5.09,2026-06-22,2026-09-10,471,WNW,6,70,39.662022,-99.577752,"https://www.google.com/maps/search/?api=1&query=39.662022,-99.577752",2026-06-22; 2026-07-06; 2026-07-20; 2026-08-04; 2026-08-26; 2026-09-10
,23,77.9,58.0,11.8,178.0,29.85,2026-06-22,2026-09-11,246,NNE,27,195,39.661977,-99.571781,"https://www.google.com/maps/search/?api=1&query=39.661977,-99.571781",2026-06-22; 2026-06-26; 2026-07-02; 2026-07-03; 2026-07-09; 2026-07-16; 2026-07-18; 2026-07-30; 2026-08-06; 2026-08-13; 2026-08-20; 2026-08-24; 2026-08-27; 2026-09-03; 2026-09-10; 2026-09-11
,7,113.9,120.1,73.0,145.1,13.28,2026-07-08,2026-08-24,221,N,10,625,39.661919,-99.572524,"https://www.google.com/maps/search/?api=1&query=39.661919,-99.572524",2026-07-08; 2026-07-18; 2026-07-24; 2026-08-06; 2026-08-17; 2026-08-24
,2,94.8,94.8,46.6,142.9,3.16,2026-06-24,2026-06-24,318,NE,2,143,39.66185,-99.57016,"https://www.google.com/maps/search/?api=1&query=39.661850,-99.570160",2026-06-24
,1,20.8,20.8,20.8,20.8,0.35,2026-07-13,2026-07-13,376,NE,1,21,39.661879,-99.569343,"https://www.google.com/maps/search/?api=1&query=39.661879,-99.569343",2026-07-13
,4,17.9,19.9,8.1,23.8,1.2,2026-06-22,2026-09-02,469,ENE,5,24,39.66192,-99.5681,"https://www.google.com/maps/search/?api=1&query=39.661920,-99.568100",2026-06-22; 2026-07-04; 2026-07-18; 2026-09-02
,6,65.4,59.8,21.5,121.8,6.54,2026-06-24,2026-08-08,187,NNE,32,2467,39.661374,-99.571762,"https://www.google.com/maps/search/?api=1&query=39.661374,-99.571762",2026-06-24; 2026-06-27; 2026-07-08; 2026-07-20; 2026-08-08
,7,80.6,77.1,51.7,142.4,9.4,2026-06-22,2026-09-17,196,WNW,7,142,39.660897,-99.574883,"https://www.google.com/maps/search/?api=1&query=39.660897,-99.574883",2026-06-22; 2026-06-26; 2026-07-02; 2026-07-09; 2026-09-03; 2026-09-10; 2026-09-17
,7,57.8,43.6,8.7,118.1,6.75,2026-07-16,2026-09-01,149,NW,35,1228,39.660874,-99.574215,"https://www.google.com/maps/search/?api=1&query=39.660874,-99.574215",2026-07-16; 2026-07-24; 2026-07-30; 2026-08-13; 2026-08-27; 2026-09-01
,1,34.1,34.1,34.1,34.1,0.57,2026-08-08,2026-08-08,974,SSE,1,34,39.652091,-99.567972,"https://www.google.com/maps/search/?api=1&query=39.652091,-99.567972",2026-08-08
